ID,Newspaper,Date,Section,Author,Headline,content
1,The Guardian (London),2025-11-06,POLITICS; Version:26,Andrew Sparrow,Lammy says he was not ‘equipped with the details’ when facing questions on mistaken prisoner release at PMQs – UK politics live,"Lammy says he was not ‘equipped with the details’ when facing questions on mistaken prisoner release at PMQs – UK politics live |  5.08pm GMT 
 Badenoch criticises Starmer for going to Cop30, claiming other leaders from 'serious' countries were staying away 
 Kemi Badenoch has criticised Keir Starmer for going to the Cop30 climate conference, claiming that he should have stayed in the UK to focus on domestic politics.
As Starmer delivered a speech at the summit, Badenoch said:
Badenoch also suggested that Starmer was the “only person” from a “serious country at that conference”, where other European leaders including France’s Emmanuel Macron are also expected to attend.
Asked to respond, a Labour source said:
 4.09pm GMT 
 Teaching unions in England tell government they are 'extremely concerned' proposed pay award not properly funded 
 Richard Adams is the Guardian’s education editor. 
England’s teaching unions have written to education secretary Bridget Phillipson warning that the pay award she recently offered – worth 6.5% over three years – will be swiftly eroded by inflation and cause more teachers to quit the profession.
The joint letter, from the general secretaries of the National Education Union, the NASUWT, the National Association of Head Teachers and the Association of School and College Leaders, says they are “extremely concerned” that Philipson’s offer relies on over-optimistic inflation forecasts and will not be funded by government, meaning it will eat into school budgets.
The unions have urged Phillipson to resubmit evidence supporting “fully funded, above-inflation awards” to the independent body that makes pay recommendations.
The letter says:
 Daniel Kebede, the NEU’s general secretary, added:
 3.50pm GMT 
 Lammy claims he made 'right judgment' in dodging prisoner question at PMQs because he did not have 'all the details' 
 David Lammy has recorded a pooled interview about the prisoner release mistakes reveaved after yesterday’s PMQs. There were three main lines in the excerpt available so far.
 Lammy, the deputy PM and justice secretary, defended his decision to dodge questions at PMQs yesterday about whether there had been another prisoner let out by mistake. The Conservatives have strongly criticised him for this, with Chris Philp, the shadow home secretary, saying that Lammy’s non-answer was “dishonest” , and Robert Jenrick, the shadow justice secretary, saying Lammy’s PMQs performance was “a disgrace” and “a dereliction of duty”. (See9.34am. ) Lammy was asked if he knew of another asylum seeker being released by mistake; at the time he knew that a foreign prisoner had been released earlier, but it is claimed that he did not know the full details of the offender, who turned out not to be an asylum seeker, it later transpired. Asked if he accepted that he should have given MPs more information, Lammy replied: 
(It is hard to see how Lammy would have misled the Commons if he had stuck to telling MPs what facts he did know, and what he was still waiting to learn.)
 Lammy claimed the foreign prisoner referenced at PMQs (Brahim Kaddour-Cherif, an Algerian), had been released by mistake from Wandsworth prison beforethe extra prisoner release checks ordered by Lammy were introduced. Lammy introduced those checks after the former asylum seeker Hadush Kebatu was wrongly freed from HMP Chelmsford prison. Lammy said: 
This is odd because the MoJ announced on 27 October that those new checks were coming into force “from today”, but yesterday it was reported that Kaddour-Cherif had been let out by accident on 29 October. I have asked the MoJ for an explanation.
 Lammy said that prison release mistakes had been a problem “for a generation” and that the government had “a mountain to climb” in terms of sorting it out. He said: 
Updated at 4.50pm GMT
 2.43pm GMT 
 Government will find it 'extremely difficult' to meet its education priorities within budget set, IfG thinktank says 
 Richard Adams is the Guardian’s education editor. 
The government’s spending plans are leaving it struggling to improve conditions in England’s schools, such as addressing the crisis in special educational needs and disabilities (Send) provision or recruiting more teachers, according to a new Institute for Governmentreport. 
According to the IfG, it will be “extremely difficult for the government to meet its education priorities within the budget it has set” over the coming parliament.
The report finds that two-thirds of state special schools are now operating above capacity, while spending on Send has risen from £6.7bn in 2012-13 to £11.1bn in 2025-26, a 66% increase.
Education, health and care plans (EHCPs), at the centre of the government’s likely plans to reform Send provision , cost £1,000 more on average than the funding provided to meet the needs described.
Amber Dellar, the report’s author, said:
Updated at 2.44pm GMT
 2.39pm GMT 
 1.57pm GMT 
 Gordon Brown says two-child benefit must be abolished in full for Labour to meet goal to bring child poverty down 
 Patrick Butler is the Guardian’s social policy editor. 
 Gordon Brown has renewed his call for the two-child benefit cap to be fully abolished, calling it a “stain” on the UK’s reputation and warning ministers off potential compromise measures that would keep the policy in place.
The former Labour prime minister, speaking at a reception in London to mark the 60th anniversary of the Child Poverty Action Group charity, said the policy should be “banished from the statute book as soon as possible”.
Brown said:
The government faces a crucial decision over whether to retain the policy – much hated by Labour MPs as a turbo driver of family hardship and relic of Tory austerity – when it publishes its child poverty reduction strategy in the next few weeks.
The Treasury is concerned about the £3.5bn a year cost and is understood to be considering measures to keep the policy in place while watering down its impact such as by extending the limit to three children.
Brown said only full abolition would effectively reverse the upward trend of child poverty. There are 4.5 million children in the UK in relative poverty – a figure currently expected to rise to a historic high by the end of the decade.
Child Poverty Action Group was created by campaigners in 1965 to push for increases to family allowances and has become a leading voice in the welfare rights and anti-poverty movement.
Updated at 2.01pm GMT
 1.48pm GMT 
 Starmer says global consensus on climate change 'gone', but UK 'all in' on net zero transition 
 Keir Starmer will admit the “consensus is gone” on climate change but insist Britain is “all in” on net zero in a speech to the UN Cop30 summit, PA Media reports.
Addressing the climate change conference in Belém, the city gateway to the Brazilian Amazon basin, Starmer is expected to say:
But Starmer will also challenge sceptics calling for a slowdown on climate action, telling the summit:
He will describe green policies as a “win-win”.
As PA reports, Starmer is travelling to Belém on Thursday along with energy secretary Ed Miliband and the Prince of Wales on Thursday, having attended William’s Earthshot Prize ceremony last night.
The PM is expected to have more than one bilateral meeting with counterparts, though it was unclear on Thursday morning who he would come face to face with as teams seek to carve out time during the one-day visit.
 1.26pm GMT 
 Tories accuses Reeves of treating drivers as 'cash machine' as government hints EV pay-per-mile tax coming in budget 
 The Conservatives have responded to reports that Rachel Reeves may introduce a pay-per-mile tax for electric vehicles (EVs) in the budget by accusing Labour of treating motorists “as a cash machine”.
 Richard Holden, the shadow transport secretary, said:
There has been speculation about the government introducing a new tax on electric cars for some time because, as people switch from petrol cars to EVs, the government is expected to lose about £15bn a year by 2050 in lost fuel duty.
But today the Telegraph has splashed on a detailed report by Ben Riley-Smith saying Reeves is due to announce a plan to charge EV users 3p per mile, on top of other taxes. He says:
The government has not confirmed the details of the report, but it has said in a statement that it believes the way drivers are taxed needs to be made “fairer” to account for the fact the EV drivers don’t pay fuel duty.
 12.38pm GMT 
 'More clowns than Billy Smart's circus' - Reform UK under fire as Kent council holds 1st full meeting since video leak 
 Ben Quinn is a senior Guardian reporter. 
The embattled Reform UK leader of Kent county council, Linden Kemkaran, was in combative form during a full meeting of the party’s ‘flagship’ council today, likening her experience to that of her son, who she said had just finished phase one of military training and had been “beaten up and ambushed.”She compared the drop-out rate among his fellow recruits to the axing of former Reform councillors in Kent, telling the meeting:
“It did make me reflect on my own troops,” said Kemkaran, who had earlier answered with single word “yes,” when an opposition councillor asked if she believed her own behaviour was in line with the Nolan principles setting out recognised standards in public life, and Kent’s own code of conduct.
This morning Reform also faced repeated pressure from opposition councillors over the question of whether it would be raising council tax after promising savings in leaflets to voters in the local elections. A senior member of Reform’s Kent team let slip earlier last month that rates may have to rise by the maximum of 5%.Brian Collins, a member of the Reform cabinet, said no decision had been made on council tax as the local authority was awaiting the outcome of a government funding review. Last month, a fellow cabinet member had said she believed Kent would raise council tax by 5% – the maximum permitted – as councils try to honour their legal duty to make sure spending adds up before budgets are set for next year.“You are running away from residents when it comes to the question of what you will do on council tax,” said Alister Brady, a Labour councillor. While he did not agree with previous Tory administration of what is one of Britain’s largest county councils, which has a £2.5bn annual budget, Brady said that at least the Conservatives had managed to get together spending plans by this point.Harry Rayner, the Tory leader, said the Reform council was now “mired in the consequences of self-inflicted damage” and he had seen nothing to rival it in 40 years of local government experience. He said:
This was the first full meeting of the council since the ruling Reform UK group was thrown into chaos by a video leak to the Guardian of a meeting revealing bitter internal tensions. 
Updated at 12.47pm GMT
 12.28pm GMT 
 Latest suspension means Reform UK has now lost 9 of its 57 Kent county councillors elected in May 
 Ben Quinn is a senior Guardian reporter. 
Nigel Farage’s Reform UK has suspended yet another member of its ‘flagship’ county council in Kent as it held its first full meeting since the party’s councillors were thrown into crisis by a leaked meeting revealing bitter internal tensions. 
The departure of Isabella Kemp, who has also been working as a data protection officer at Reform’s HQ, means that Reform has lost nine of the 57 councillors elected during the local elections in May.
The latest turmoil comes after the Guardian published a recording of an incendiary internal meeting in which the council leader, Linden Kemkaran, told dissenting Reform UK colleagues they had to “fucking suck it up” if they didn’t like her decisions.
Four Reform councillors were suspended shortly after the leak, while one of those and another who had been suspected over separate allegations have now formed an “Independent Reformers” group on the council.
Kemkaran faced questions at a full meeting of the council on Thursday about the real-world impact of the suspension of Kemp, who had been chair of the adult social care and public health cabinet committee.
The Liberal Democrats, who are the second largest group with 12 councillors, appealed to Kemkaran to restore Kemp, who now sits as an independent, as chair of the important committee.
Updated at 12.36pm GMT
 12.20pm GMT 
 Spike in prison release mistakes linked to new rules for jails and early release scheme, Prison Service says 
 Here is a Ministry of Justicechart illustrating the “spike” in prison release mistakes that David Lammy was referring to.
And this is what the HM Prison and Probation Service’s annual digest says about these figures.
SDS40 is theearly release scheme introduced by the government in September last year, in response to the prison overcrowding crisis.
In a footnote to this passage, the HMPPS report says;
Updated at 12.22pm GMT
 12.03pm GMT 
 Lammy says spike in prison release mistakes 'unacceptable', as he welcomes return of Billy Smith to jail 
 David Lammy, the deputy PM and justice secretary, has welcomed the fact that Billy Smith is back in custody, but described the spike in release mistakes as “unacceptable”.
According to PA Media, Lammy said:
 11.43am GMT 
 ITV News has broadcastfootage of Billy Smith handing himself back in. (See11.35am. )
 11.35am GMT 
 Surrey fraudster Billy Smith hands himself in following release from HMP Wandsworth in error on Monday 
 Billy Smith, 35, who was mistakenly released from Wandsworth prison on Monday , has handed himself back in, PA Media reports. The release of someone like Smith, a convicted fraudster, would not normally make the news, but he was let out of Wandsworth prison only a few days after the Algerian sex offender referenced at PMQs yesterday, which is why his return to jail gets the PA snap news alert treatment.
 11.22am GMT 
 Referrals to Prevent up 27% on previous year, reaching record high of 8,778, Home Office figures show 
 There have been a record number of referrals to the government’s counter-terror programme Prevent in a year since data began in 2015, PA Media reports. PA says:
 11.13am GMT 
 Yesterday I posted reaction from Labour leftwingers , and from Wes Streeting , suggesting the party could learn something from Zohran Mamdani’s victory in New York.
The Labour MP Luke Akehurst has a different view. He posted this on social media this morning, in response to a tweet on this from Clive Lewis.
 10.56am GMT 
 Large Scottish estates could be broken up under land reform bill passed by Holyrood 
 Libby Brooks is the Guardian’s Scotland correspondent. 
Land reform legislation passed by the Holyrood parliament marks a “watershed moment”, according to the Scottish government, after MSPs voted last night to back a series of measures which aim to reduce the concentration of rural land ownership, where small numbers of people own large areas of Scotland’s countryside.
The new law will increase opportunities for community buyouts of land, and also proposes that when large estates are put on the market these could be broken up into smaller areas – in a process known as lotting – if certain conditions are met.
 Scottish Land and Estates, which represents landowners, branded the moves “junk law”, warning that parts of the bill were badly drafted (to be fair this is an ongoing criticism of Holyrood bills) and likely to be challenged in the courts.
But the result was welcomed by the Revive Coalition, which campaigns for fairer ownership across Scotland. Max Wiszniewski said: 
 10.36am GMT 
 Prison Governors Association criticises Tories for exploiting release errors, saying long-term underfunding to blame 
 The Prison Governors Association has just issued a lengthy statement about prisoners being released in error. Without discussing particular cases, it argues that these mistakes are happening because the system is in crisis and underfunded.
Here are the main points.
 The PGA says releases in error (RiEs, in prison jargon) have happened under every government and “most practitioners, informed commentators, and impartial experts recognise this”. It says RiEs happen because the case management system is “complex and under-resourced”. It says “unprecedented” pressures have made the problem worse. The system is “running hot, and under constant strain”, it says. The prison system, like the wider criminal justice system, is under unprecedented and sustained pressure. This is not pressure felt in isolation — prisons are interconnected. While some establishments may be coping better than others, the strain is systemic. Decisions made to stabilise one prison — such as reducing capacity or increasing staffing — often have unintended, negative consequences elsewhere. Today, it feels as though every move to ease pressure in one part of the system simply shifts the burden to another … Despite a recent reduction in the overall prison population, overcrowding remains acute. Around 10,000 people are still held in overcrowded conditions. Crucially, the available space is not in reception prisons like Chelmsford or Wandsworth, which are among the most overcrowded and experience the highest levels of prisoner movement. According to the Howard League for Penal Reform, HMP Wandsworth is operating at 167% of its safe capacity, Chelmsford is at 133% of its safe capacity. It says the rise in the number of RiEs is “deeply concerning”. 
RiE numbers have increased sharply in the past year.
 But only around 0.5% of prisoners are released on the wrong date, the PGA says. It says, while this figure sounds small, it amounts to “a significant operational failure”. But “the conditions required to reduce this figure to zero simply do not exist”, it says. It says stopping all errors would require “substantial investment in staff training, modern IT infrastructure, and recruitment, all within a system already stretched by competing priorities”. It suggests the Conservatives are being “disingenuous” in trying to exploit this issue politically. 
This is clearly a reference to the Tories.
 The PGA says austerity left many prisons “without the flexibility they need to respond to local challenges”. 
Updated at 10.37am GMT
 10.11am GMT 
 Any manifesto-busting tax rises in budget should be 'temporary and conditional', Tony Blair's thinktank says 
 Rachel Reeves should make it clear that any big tax rises in the budget will only be temporary, Tony Blair’s thinktank has said.
The Tony Blair Institute has published a paper saying that the budget measures should focus on delivering growth, and it says, if Reeves does break Labour manifesto promise not to raise any of the three main taxes, she should say this won’t be permanent.
In a speech on Tuesday, Reeves came close to confirming that income tax will go up.
In its report, the TBI says:
As prime minister, Blair tried hard to stop Labour being seen as a high-tax party. But in 2002 he allowed Gordon Brown, the chancellor, toraise national insurance by 1p in the pound. Brown had spent months trying to persuade the public that the NHS needed more funding, and the NI rise was explained as being need to raise money for health, and – to the surprise of some in politics – the move turned out to be popular with voters.
 9.51am GMT 
 Rachel Reeves ‘planning pay-per-mile tax for electric vehicles in budget’ 
 Rachel Reeves is drawing up plans for a new pay-per-mile tax for electric vehicles to announce in this month’s budget worth an extra £250 a year on average, Julia Kollewe reports.
 9.34am GMT 
 David Lammy set to face media as Tories accuse him of ‘dereliction of duty’ over prisoners released by mistake 
 Good morning. Except it isn’t if you are David Lammy, the deputy PM and justice secretary. Or Alex Davies-Jones, a junior justice minister, who has been doing the morning media round. Lammy took PMQs for the first time yesterday, but the coverage is a nightmare, partly because it coincided with news about two more prisoners being released by mistake, even though Lammy recently required governors to do extra checks to stop this happening, and partly because he dodged questions about this in the chamber.
The overnight Guardian version of the story ishere. 
For the Conservatives, this is like Christmas has come early (even though their spokesperson, James Cartlidge, who was deputisting for Kemi Badenoch at PMQs, messed up his questions, as John Crace explains here ). Crudely put, their assumption is: people don’t like criminals, people don’t like migrants, so migrant criminals are doubly bad, and Labour are letting them out. As they have been commenting on this over the past 24 hours, Kemi Badenoch, Chris Philp, Robert Jenrick et al have found it hard to conceal the glee.
As ever, the reality is a bit more complicated. Of all public services, the Prison Service is probably the most dysfunctional, and has been for years. The accidental release of prisoners, though deplorable, is not that unusual; Lammy told the Commons recently that under Tories they were happening at a rate of 17 per month. Under Labour, the numbers have gone up sharply , but that has coincided with the government implementing a huge early release scheme because, when it came into office, the Prison Service was days away from not being able to take any more inmates because of over-crowding. The Algerian released by mistake from Wandsworth prison last week was not an asylum seeker, as the Tories originally claimed. He is a sex offender – on the basis ofan indecent exposure conviction , for which he got an 18-month community order. He reportedly has other convictions too. A few days after he was mistakenly released, a white man from Surrey who had been jailed for almost four years for fraud offences was also let out by mistake , but the Tories don’t seem so interested in that error.
Here is a round-up of the latest developments on this story this morning.
 Prison governors in England have been summoned to an urgent meeting with ministers to discuss release errors, Davies-Jones has revealed. Here is our story, by Eleni Courea. The Ministry of Justice has said that Lammy did not tell MPs about the accidental release of the Algerian offender in the Commons yesterday because he did not have full information about it. In a statement released last night, an MoJ spokersperson said: The crisis in the prison system this government inherited is such that basic information about individual cases can take unacceptably long to reach ministers. On entering the house, facts were still emerging about the case and the DPM had not been accurately informed of key details including the offender’s immigration status. No media story about the individual case was yet in the public domain and it was and remains subject to a live police investigation. The DPM was asked questions about the release of an asylum seeker. As was confirmed after PMQs by the Home Office, the individual was not an asylum seeker. The DPM waited until after PMQs and further facts had emerged before making a statement. Robert Jenrick, the shadow justice secretary, has accused Lammy of a “total dereliction of duty” over this affair. Referring to the accidental release of the Algerian, Jenrick told the Today programme: It took six days for the Prison Service supposedly to even become aware that this had happened and inform the Metropolitan police, who are now a week behind in the manhunt to find him. Then the justice secretary is informed about this on Tuesday night, didn’t come clean. He spent the next morning, we’re told, going out shopping for a suit, rather than taking charge of his department. He then comes to parliament and doesn’t answer five straight questions about this. I think it’s a disgrace. It’s a total dereliction of duty. Lammy will be speaking to the media later today, Davies-Jones has said. In her Today interview, she said that Lammy was visiting a prison this morning, “doing his day job”, and that he would be “speaking to the media”. When it was put to her that Lammy should be answering questions, she said he would be. Government plans to radically reform sentencing will lead to an increase in crime by as much as 6% in a single year, the National Police Chiefs’ Council has said.
Here is the agenda for day.Morning: Gordon Brown, the former prime minister, gives a speech on child poverty at Somerset House.Morning: David Lammy is due to speak to the media during a prison visit.Noon: The Bank of England releases its latest interest rates decision. Graeme Wearden is covering thison his business live blog. Lunchtime: Kemi Badenoch is on a visit in Staffordshire.
And Keir Starmer is in Brazil for the Cop30 summit.
The Commons is not sitting because there is a mini recess.
If you want to contact me, please post a message below the line when comments are open (normally between 10am and 3pm BST at the moment), or message me on social media. I can’t read all the messages BTL, but if you put “Andrew” in a message aimed at me, I am more likely to see it because I search for posts containing that word.
If you want to flag something up urgently, it is best to use social media. You can reach me on Bluesky at @andrewsparrowgdn.bsky.social. The Guardian has given up posting from its official accounts on X , but individual Guardian journalists are there, I still have my account, and if you message me there at @AndrewSparrow, I will see it and respond if necessary.
I find it very helpful when readers point out mistakes, even minor typos. No error is too small to correct. And I find your questions very interesting too. I can’t promise to reply to them all, but I will try to reply to as many as I can, either BTL or sometimes in the blog.
Updated at 12.21pm GMT"
2,The Times (London),2025-11-10,NEWS; Pg. 9,Adam Vaughan,"Cop30 will prove net zero doubters wrong, claims Miliband","Cop30 will prove net zero doubters wrong, claims Miliband | Adam Vaughan Environment Editor Ben Cooke Environment Correspondent International talks in Brazil to curb climate change will prove doubters wrong and show that most countries are shifting towards clean energy, Ed Miliband has said.
Speaking in Brazil, the energy secretary said acting to rein in the greenhouse gas emissions driving global warming would create jobs and protect future generations.
""The action and the atmosphere at this summit, in my view, already demonstrates that the doubters are wrong. The vast majority of the world continues to act on clean energy,"" he told The Times as the Cop30 climate summit got under way in Belem.
The fortnight-long conference, which starts today, is effectively the deadline by which nations must present plans for cutting emissions, but is taking place in the shadow of a backlash led by President www.Trump.No highlevel American official is at the summit, despite the US being the world's second-biggest source of greenhouse gas emissions after China.
""The world is moving on climate and clean energy, but it needs to move faster,"" Miliband said. ""We are going to unashamedly say that this shows that multilateralism can work. Working together is the right thing for Britain.""
The minister cited the prediction that the Earth had been on course for 4C of global warming before the 2015 Paris Agreement, a temperature rise that would have been disastrous, but is now heading for about 2.5C. ""That shows the progress that has been made,"" he said.
Miliband said the Cop30 talks with 196 other countries and the EU mattered for Britons with more immediate concerns such as inflation. ""It matters precisely because of the cost of living, because if we are going to create good jobs for the future, this is the biggest potential opportunity we have,"" he said.
A book published on November 5 by Lord Stern of Brentford, a renowned economist who produced a climate report for Gordon Brown, said action on climate change was not an obstacle to prosperity but ""the only really sensible way of driving growth"". Stern told The Times his message to the Tories, who have joined Reform UK in calling to scrap Britain's 2050 net zero target, was that renewables and green technology were ""your growth story"".
Miliband echoed that view. ""We need to move faster, because it's in our national interest in terms of jobs and economic growth,"" he said.
The government's plans would create 400,000 clean energy jobs by 2030, the energy secretary added. He also said action on climate change would create ""huge opportunities for exports"" including for ""mini"" nuclear power stations devised by Rolls-Royce.
Labour has been criticised by environmentalists for refusing to pay into a new fund to save rainforests, launched by Brazil on November 6. Miliband blamed the coming budget, which is expected to bring in tax rises to repair public finances. ""We've obviously got a difficult fiscal event coming up, so we weren't in a position to make a financial contribution at this stage to the TFFF,"" he said, referring to the rainforest fund.
One architect of the Paris Agreement said progress on climate change was being driven more by the falling cost of clean energy than by government talks. Christiana Figueres, who was UN climate chief when the deal was reached, said: ""Ten years ago, the logic of climate was climate politics. Today, the logic of climate is climate economics, because the technologies that we're using [to replace fossil fuels] are cheaper, they're better-performing, and they're faster to build.""
According to the International Renewable Energy Agency, solar power is on average 41 per cent cheaper today than fossil fuels. Electric cars are already cheaper to run than petrol ones.
""The implementation of the Paris Agreement is not just working but is accelerating beyond what we possibly could have thought,"" Figueres added. ""Investment in renewables is already two times higher than in fossil fuels.""
She said countries were shifting to clean energy faster than implied by their climate targets, some of which she said had been less ambitious than planned because of ""the bullying we see from Washington"". Figueres said: ""Are we going in the right direction? Absolutely. Do we have to go to more scale and more speed? Absolutely. But you cannot argue that the Paris Agreement is unsuccessful.""
Graphic
 
Ed Miliband hailed the ""action and atmosphere"" at the climate summit"
3,The Guardian (London),2025-11-07,ENVIRONMENT; Version:1,Fiona Harvey and Jonathan Watts in Belém,‘Giving up would be a betrayal’: Miliband says 1.5C target still alive before Cop30,"‘Giving up would be a betrayal’: Miliband says 1.5C target still alive before Cop30 | Tackling the climate emergency is the key issue that could turn the tide against hard-right populists across the world, the UK’s energy secretary has said.
Speaking on the eve of the UN’s climate summit, Ed Miliband said it was the cause progressives could rally around, because most people recognise populist parties have got it wrong.
“We’re not going to give up and the progress that we’ve already made should give us heart,” he said. “Giving up would be a total betrayal. Defeatism never took a single of a fraction of a degree of global warming. It never created a single job. It never did anything.”
Miliband spoke as world leaders have been meeting in Belém, Brazil, before the crucial Cop30 conference begins on Monday, at which governments of every stripe will attempt to forge a pathway that limits global temperatures and avoids the ravages of climate breakdown.
The UN secretary-general, António Guterres, struck a note of desperation when he warned this week that efforts to limit heating to 1.5C above preindustrial levels – the goal of the Paris climate agreement, and the last safe point, according to scientists – had failed.
“We’ve got to be the bearers of hope,” Miliband said. “We can fight back. Climate is a strength [in the battle against hard-right populism] not a weakness. We’re about giving a better future for people’s kids and grandkids.”
He warned that populists wanted people to slip into gloom and defeatism over the prospects of climate breakdown. Progressives must make the climate their core rallying cry, as most people around the world want climate action, he said.
Miliband’s words also seemed aimed at some within his own party, who have sought in backroom briefings to play down the UK’s climate policies for fear of having them targeted by Reform. Some aides to Keir Starmer, the prime minister, sought to prevent him from going to Cop30. 
Miliband said: “People who want to shrink back from this argument and want to somehow soft pedal on this argument are just plain wrong. Nobody ever won an argument by soft pedalling or not making the argument.”
“Our agenda is a hopeful agenda. The agenda of our opponents is the agenda of despair, that nothing can be done and we’ve just got to accept the inevitable of climate breakdown,” he told the Guardian.
He said the world should not give up on limiting global heating to the crucial 1.5C threshold, as we could be on the verge of a rapid global shift to clean energy that will defy predictions of doom.
“I’m not giving up on 1.5C ,” said Miliband. “I think actually we’re seeing some positive tipping points [that will trigger a rapid move to a low-carbon economy]. You’re seeing an absolute transformation in different parts of the world around solar power.”
Renewable energy now attracts double the global investment – more than $2tn – of fossil fuels, and large emitters of carbon such as China and India are moving rapidly to low-carbon energy in place of coal.
Downplaying the issue of climate breakdown would not work in the battle for voters by progressive parties against populists, in Miliband’s view. Rightwing parties were winning elections and topping polls because “people are deeply unhappy with the status quo”, he said. “And they’re not wrong.”
Miliband rejected the idea that large numbers of people in the UK, where the climate-denying Reform party is riding high in the polls, wanted a return to fossil fuels.
“It’s unbelievably patronising and wrong when Nigel Farage says ‘let’s bring back the coal mines’. Mine is an ex-mining constituency. People don’t ask to bring back the coal mines. People ask for the good jobs of the future, and that’s what we’ve got to do.”
In Belém, the pre-conference world leaders’ summit on Friday saw pleas for action from some of the world’s most vulnerable countries. Somalia’s deputy prime minister, Salah Ahmed Jama, made a powerful speech, saying his country was responsible for only 0.01% of greenhouse gas emissions, but was among the four nations most affected by drought, floods and other extreme weather disasters.
“For us, climate crisis is a reality. It is the mother who has to walk 10km to get water. It is the pastoralist who is losing his herds. It is the children who end up in a camp suffering hunger and disease.” He urged world leaders to find funds to support vulnerable nations, saying climate finance was their main hope now that governments were cutting overseas development aid.
Kenya’s deputy president, Kithure Kindiki, said: “Extreme drought alternating with floods continues to threaten livelihoods and wipe out the gains of our development agenda. As I am here, scores of people are being searched for after being buried under a landslide. Such incidents have become common.”
He said the lack of climate finance was an insult and an injustice to those suffering from the climate crisis. He also pointed out the positive story of the green energy revolution in Africa, noting that Kenya already gets 93% of its electricity from clean energy and was a vital source of critical minerals needed for wind turbines, solar panels and batteries. “We can help the world in its the transition to clean energy,” he said.
Lula da Silva, the president of host nation Brazil, said: “It took 28 climate Cops for us to commit, in Dubai, to a just, orderly and equitable energy transition. The Earth can no longer sustain the development model based on the intensive use of fossil fuels that has prevailed for the last 200 years.”
Although Lula leads a country that is among the top 10 oil and gas producers in the world, the president was sending a clear signal to his negotiators to keep the emissions phaseout question alive at this conference, despite efforts by Saudi Arabia in pre-Cop talks to block it.
The pithiest reminder of the need for collective action came from Zimbabwe’s environment minister, Evelyn Ndlovu, who said: “The climate crisis is not a competition. There is no winner or loser. Either we all win or we all lose.”
The Cop30 negotiations will carry on for two weeks, discussing how to “transition away from fossil fuels”, protect global forests and raise the money needed to rescue poor countries from catastrophe. Key to success for the meeting will be plotting a future course towards holding down global temperatures as far as possible. Current national plans on emissions cuts from big countries would lead to temperature rises of 2.5C above preindustrial levels, which would spell devastation and extreme weather around the world."
4,The Guardian (London),2025-11-13,UK NEWS; Version:3,Kiran Stacey Policy editor,Hundreds of thousands to lose heat pump subsidies in Reeves’s budget plan,"Hundreds of thousands to lose heat pump subsidies in Reeves’s budget plan | Hundreds of thousands of homeowners will lose their right to subsidies for eco-friendly heat pumps as a result of government plans to bring down energy bills at the budget.
Rachel Reeves, the chancellor, is planning to announce a series of measures to bring down energy bills amid concerns the country’s stubbornly high cost of living is driving millions of voters to Reform UK.
Among those measures, according to sources briefed on the budget preparations, is a plan to take energy efficiency levies off bills and fund them through the government’s existing warm homes plan.
The move will mean restricting heat-pump subsidies so that only those receiving certain benefits will be allowed to claim them, sharply bringing down costs to the government.
Supporters of the change say that the subsidies, which can be as high as £7,500, were largely going to middle-class households that could have afforded them anyway. Energy industry experts, however, warn that by taking the support away ministers will slow the transition from gas boilers to more expensive but cleaner heat pumps.
Sam Alvis, the head of energy and environment at the Institute of Public Policy Research thinktank, said: “The urge to get bills down is the right one, everything should be on the table.”
He added: “The risk here is that, like winter fuel payments, the additional benefit of cutting support schemes for clean technology isn’t noticed by the majority, but really is by those that lose out.”
Leo Vincent, a senior policy adviser at the E3G thinktank, said: “If this is really what the government is planning, it is robbing Peter to pay Paul. This is a disastrous sticking plaster ‘solution’ that would let down working families across the country who need the security of predictable and low bills.
“It would leave Britain vulnerable to the whims of fossil fuel despots, put thousands of jobs at risk and blow a hole clean through the UK’s plans for climate action.”
The Treasury has declined to comment.
Reeves and the prime minister, Keir Starmer, have been looking for ways to bring energy bills down by an average of £170 a year, having promised before the election to cut them by £300. One element of that plan is to remove the 5% VAT charge on domestic energy bills , costing the government an estimated £2.5bn a year and saving consumers an average of £86.
The rest of the savings will come from cutting levies that the government imposes on energy bills, including the energy company obligation (ECO).
The ECO levy funds energy-efficiency schemes for low-income homes, such as insulation and new, more energy-efficient boilers. To qualify, homeowners need to live in houses with poor efficiency ratings and either receive a household income of under £31,000, receive certain benefits or have long-term health conditions.
The scheme has comeunder criticism in recent weeks after a report found almost all the external insulation fitted under its remit was installed so poorly it will have to be repaired or replaced. 
Rather than scrap the ECO subsidies, ministers have decided to wrap them into the existing warm homes plan, the £13bn fund for insulation and boiler schemes, that is available to a far larger section of the population.
Those close to the budget process say the decision will mean restricting those eligible for heat pump subsidies only to those who qualify for ECO, removing eligibility from hundreds of thousands of middle- and higher-income households.
It is also likely to mean a reduction in the amount of funding for home insulation as the scheme moves to focus on clean technology such as solar panels and battery storage instead.
A government source said the existing heat pump subsidies amounted to unaffordable payments to well-off families that could not be justified as part of a budget focused on alleviating cost of living pressures for poorer people in particular.
Senior government officials are worried about the political fallout from Reeves’s plans to raise income tax in the budget and are relying on energy bill cuts to help reassure cash-strapped voters.
Reeves is also planning to cap funding for the cycle to work scheme so that workers can no longer use it to buy expensive tax-free bikes – another example of the chancellor using the budget to target benefits for middle-class voters."
5,The Guardian (London),2025-11-04,UK NEWS; Version:5,"Kiran Stacey, Pippa Crerar, Jessica Elgot and Helena Horton",Reeves considers cut to green levies in effort to reduce cost of energy bills,"Reeves considers cut to green levies in effort to reduce cost of energy bills | Rachel Reeves is considering slashing funding for more energy efficient homes to pay for a reduction in energy bills, sources have told the Guardian, as the chancellor looks for ways to ease the cost of living in this month’s budget.
Reeves is finalising a multibillion pound energy support package that is likely to cut taxes and green levies from people’s bills as she looks to save as much as £170 from the average bill.
The chancellor is hoping her focus on reducing energy bills will help bolster Labour’s slump in the polls, dent the appeal of Reform UK and mitigate the impact of widely expected tax rises in the autumn budget.
In a rare pre-budget speech on Tuesday, the chancellor signalled she was prepared to make controversial decisions, as she and the prime minister debate breaking a pre-manifesto commitment and raising income tax. 
She said: “I could do what previous governments have done, which is to sweep those challenges under the carpet, to cut capital spending, to make the numbers up.
“But then we’d be back here in a year, in five years’ time, with productivity still on its knees, growth underperforming, national debt continuing to rise. So I’m being honest with people.”
But she added that easing the cost of living would be one of her three main priorities, alongside reducing the national debt and protecting the NHS.
At the early morning Downing Street event, Reeves hinted at tax rises, adding that “each of us must do our bit” for the country’s future. “If we have to build the future of Britain together, we will all have to contribute to that effort.”
“I have to face the world as it is, not the world that I want it to be. And when challenges come our way, the only question is how to respond to them, not whether to respond or not.”
The chancellor added the economic challenges facing the UK – including global tariffs, sticky inflation, volatile supply chains and defence spending – had got worse since last year’s financial statement.
Cabinet ministers, braced for a consequential tax-raising budget later this month, warned that the public needed to feel the direct benefit of any increases.
“We have to be absolutely crystal clear if we’re doing this about how we link it to what it delivers for voters. What are we doing for them if we do this?” one minister said. “I’m not saying it’s not high stakes. But it had better fucking work,” another added.
A third minister said they had concluded that voters wanted Labour to fix public services even if they did not like how it was paid for. Several told the Guardian they believed the election pledge on tax was “stupid” for an opposition party.
In a sign of internal government concerns over the possible market reaction, Labour has organised a series of pre-budget “economic insight sessions” for Labour MPs with economists and former ministers in recent weeks.
Reeves and the prime minister have identified high energy bills as being a major source of financial pressure for voters and are planning a relief package likely to cost about £3bn a year.
Keir Starmer is understood to be particularly worried about the impact of an expected £100 rise in energy bills next spring, and wants to do enough to eliminate that and bring down costs even further.
A major part of the plan, insiders say, will be eliminating the 5% VAT rate on part or all of domestic energy bills, in a move that experts say would cost £2.5bn a year and bring down bills by an average of £86.
Some economists warn such a move would risk benefiting those with larger homes and encouraging people to use more energy, but the Treasury is understood to be keen on the idea because it is simple and quick to implement.
Alongside the VAT reduction, Reeves is planning to reduce or eliminate some of the green levies on bills, which could reduce costs for householders and undercut Reform’s promise to do the same.
However, energy industry insiders say raiding energy efficiency funding to help pay for the move would be “disastrous”.
 Related: Prospect of breaking 50-year income tax taboo shows scale of Reeves’s challenge
Those consulted on the plans say the chancellor is particularly looking at reducing or eliminating the energy company obligation, under which energy firms help pay for home improvement measures such as insulation and new heating schemes. Last year, the National Audit Office warned of fraud and poor quality in some of the work undertaken under the scheme.
If the programme is reduced or cut entirely, the energy secretary, Ed Miliband, could choose to reallocate money from the £13bn warm homes plan, much of which is earmarked to pay for subsidies for electric heat pumps.
The government decided as recently as June to protect the scheme, but the chancellor is thought to be willing to see it reduced to help bring bills down now.
Reeves is also weighing up cutting other levies, such as the renewable obligation certificate programme, which currently goes up by retail price inflation but could be tied instead to the lower consumer price index.
The Treasury declined to comment on budget speculation, but those in the energy industry say the plans could backfire in the longer term.
In her speech, the chancellor also accused previous governments of putting “political convenience” before “economic imperative”, raiding capital budgets intended to support the public services to balance the books.
“The problem of the last 14 years is that political expediency always came above the national interest. And that is why we are in the mess that we are in today,” she added.
The cost of UK borrowing fell slightly as the chancellor reiterated her “iron-clad” commitment to her fiscal rules, reassuring the bond markets.
After the speech, Starmer told his cabinet the budget would neither starve the state of cash nor take “risks with more borrowing”, inferring that tax rises are the only option.
Government sources said the prime minister had accepted the necessity of the move. “Even if everything is exploding around him, he has a plan and knows the direction we’re going in,” they added.
Dhara Vyas, the chief executive of Energy UK, said: “Billions of pounds of investment have been on hold while we await the warm homes plan – all of which could be jeopardised by any sudden change of direction. So hijacking the plan’s budget and effectively abandoning its original purpose would be a shortsighted and disastrous move.
“We’ve had ample previous experience showing how kneejerk cuts to investment in warmer homes have resulted in customers paying billions of pounds more on their energy bills, while also damaging supply chains and businesses with knock on impacts to investment and job losses.”"
6,The Times (London),2025-12-05,NEWS; Pg. 19,Oliver Wright,Miliband's pledge that energy bills would fall was doomed from start; What is driving up prices and what can the government do to get them back on track? Oliver Wright reports,"Miliband's pledge that energy bills would fall was doomed from start; What is driving up prices and what can the government do to get them back on track? Oliver Wright reports | As political hostages to fortune go, Ed Miliband's pledge to cut household energy bills by £300 a year by 2030 was, as they say in Whitehall, ""unwise"".
The vow, made last summer when Labour was in opposition, was certainly bold. ""Labour's Green Prosperity Plan (will) create 650,000 good jobs, cut bills by £300 on average and deliver real energy security,"" the party stated.
But by the time of the election Miliband and the Labour leadership had already begun watering down the commitment. Bills, Miliband said, would fall by up to £300. In government Sir Keir Starmer has downgraded the pledge to an aspiration. ""We said we'd aim for £300, up to £300. That's what I want to achieve,"" he said this year.
There is a very good reason for this caution. Experts believe that not only is there no chance that the government will hit the £300 target but there is a strong likelihood that bills could be higher by the next election.
So why is this, what is driving up prices and is there anything the government can do to get back on track?
an unwise pledge The genesis of Miliband's pledge was a report by the energy think tank Ember dating back to 2023. Its analysis suggested that if the UK was able to generate 98 per cent of its electricity needs from renewable sources by 2030, average household power bills would fall from £1,127 at the time to £828 a year.
Because this chimed with Labour's own ""clean power pledge"" the party seized on the analysis and co-opted its eye-catching conclusion to ""sell"" its green policy agenda to voters. Clean power, the argument went, was not just good for reducing carbon emissions but it would also help with the cost of living.
But there were flaws in the approach from the outset. Ember's analysis was based on energy prices in 2023. But by the time Labour made its pledge almost a year later, the wholesale price of electricity had already fallen by just under 20 per cent from its highs during the start of the Ukraine war, making the £300 pledge harder to hit.
Not only that, Ember based its analysis on the price the UK was paying at the time for new off-shore wind contracts, which then rose steeply because of a global rise in the cost of capital and other price pressures.
It also used over-optimistic assumptions by the grid operator on how much it would cost to upgrade its power cable and other infrastructure to cope with new renewable power and increased demand. In short it wasn't fit for Labour's purpose.
ever rising bills Miliband's (and Ember's) central argument was not wrong though. In the long run a grid run mainly through renewable power should result in cheaper electricity than power generated by gas which is expensive to extract and transport. But the dilemma the energy secretary faces is that during this transition consumers are effectively paying twice.
They are still paying to generate electricity based on the price of gas while at the same time paying billions of pounds through their bills to fund the investment needed to build and distribute the new clean power.
And, because Miliband has set a 2030 deadline to produce almost all of our power from clean sources, many of these costs are on bills sooner and higher than they otherwise would be.
A report yesterday by the energy analyst Ben James found that the amount of money a typical household will pay for the capital costs of new renewable energy costs will rise from £84 a year now to £141 by 2030. They will also pay £19 a year to construct a new power station at Sizewell C and £20 for smart metres.
Ofgem's announcement means another £53 a year on electricity bills to fund the £70 billion cost of updating the UK's transmission network, according to James. By the end of the decade households will also be paying about £90 a year in costs associated with switching off renewable power generation at times of peak supply, because the grid will not yet be able to cope with the volumes of power being generated.
and then there is gas Miliband's pledge unwisely talked about energy bills, rather than just electricity bills. And gas bills are also rising. This is because, despite the plan to move away from gas for home heating, the network needs billions of pounds of investment to remain reliable and safe during this transition period.
Ofgem said this investment would add about £48 to an average gas bill ? and was higher than it might have been because the investment is being written off over a shorter period of time because of the transition to net zero.
robbing peter to pay paul At the budget Rachel Reeves took steps to address the political risk that the £300 pledge poses to Labour by announcing that some of the costs currently placed on bills would move to general taxation. Reeves announced that the average household bills fall by £150 from April. But the Institute for Fiscal Studies has pointed out that these savings will be quickly eroded by other rising energy costs.
And that's not all ? this money may be coming off bills but it is still being paid for by households in their taxes. And as a result richer households will in effect be paying more than they would have done if they had remained on bills.
where this all leaves bills It is hard to be precise, because, as the original Ember analysis demonstrated clearly, costs can change and assumptions can be wrong.
In particular, if the grid upgrade work takes longer than expected then consumers will end up paying billions of pounds a year extra in their bills effectively to switch off some of Britain's shiny new wind infrastructure because the grid does not have the capacity to transport it where it needs to go.
But the James analysis suggests that, even after Labour's £150 bill discount, average electricity bills will still be £79 higher than at present. Gas bills are also expected to rise.
so is it all bad news? Not necessarily. In the long run all this investment being paid on bills should result in lower energy cost in the future ? even if that does not help Starmer and Miliband in their current predicament.
What might help them, is the government's £13 billion warm homes fund. This could allow ministers to invest huge amounts to subsidise technologies like solar power and batteries that could allow some homes to eliminate almost all electricity costs by generating and storing their own www.power.No decisions have yet been made on how the fund will be spent ? and successive governments' record in designing and rolling out energy-efficiency schemes have been dismal. But get it right and it could be game-changing, allowing Miliband to claim that he's not just cutting bills but effectively eliminating some bills altogether.
Your electricity bill in 2030 Wholesale Network New levies Generation subsidies Miscellaneous Now £7 £324 £207 £186 £241 £966 2030 £38 £269 £342 £158 £237 £1,045 Based on 3,100 kWh annual usage. Source: www.electricitybills.uk
Graphic
 
Ed Miliband said bills would fall by up to ?300"
7,The Times (London),2025-12-31,"NEWS; Pg. 6,7",Max Kendix,"Push for zero-bill homes is silly, says top Labour donor","Push for zero-bill homes is silly, says top Labour donor | Labour's biggest green donor has described a government push for ""zerobill homes"" a ""silly concept"" and called for poorer households to be singled out for support.
Dale Vince, the renewable energy magnate who has donated more than £6 million to the Labour Party, also said that plans to roll out cheap loans for households should be restricted to solar panels.
A warm homes fund to be announced in the coming weeks will set aside about £2 billion for households to buy subsidised solar panels, batteries and heat pumps.
Ministers will work with banks and energy companies to allow homes to install the equipment with no upfront costs, which would instead be repaid in bills over five or ten years. The bill payers would still have cheaper power, even while paying off the loans.
Ministers believe that as a result, some homes could effectively become ""zero-bill"", paying little or no money for power, while others would make significant savings. Vince said the ambition was ""achievable if you spend enough money"", but added: ""If you spend £20,000 you'll get almost no bills, but you've paid for that, you've basically paid nearly two decades of bills up front. It's a silly concept.""
A source close to the plans said the framing of a zero-bill home was ""a bit much"", adding: ""While it is true that with batteries, solar and a heat pump, your bills will likely collapse, the vast majority of people will still have a small bill at the end of it.""
About a million people are expected to have bills cut as a result of the new loan scheme. Ed Miliband, the energy secretary, promised at the general election that household energy bills would fall by £300 by the end of the parliament.
Claire Coutinho, the Conservative shadow energy secretary, said: ""There are 29 million families who were promised that Labour would cut their bills by £300, but ... this plan will benefit very few of those families. What's worse is that Ed Miliband and his ministers are ignoring the core problem: that Britain has the highest electricity prices in the world and their plans to decarbonise at breakneck speed will send prices even higher whilst lining the pockets of wind developers.""
Reform UK said that Labour's manifesto pledge to reduce energy bills lay ""in tatters"", adding that the new proposal ""drives the final nail into that broken promise"".
Richard Tice, the party's deputy leader, said the move was part of Miliband's ""fanatical net-zero crusade"" that would pile ""even more pain on to households that have already been stung by energy bills soaring by hundreds of pounds"".
A Labour source responded that the government was ""bringing down energy bills for families after the Conservatives left Britain exposed to markets controlled by dictators"".
The source added: ""Our warm homes plan will continue to drive down costs for families so more people can upgrade their homes and cut their bills.""
But Vince said the loan scheme was wrong not to prioritise those who could not afford bills over middle-class families. ""If I was doing it I would target public-sector housing first,"" he said.
""It tends to be the least well-off among us that live in public-sector housing. These are the people that can least afford solar panels, probably.""
Miliband had initially planned for all homes with heat pumps to receive discounts of £150 to £200 off their energy bills, paid for by the government. This was shelved after the Treasury changed its approach to green levies in the budget.
Vince said including heat pumps in the new scheme was a ""big mistake"", as was a move to put a levy on gas bills to subsidise electricity.
""It impacts the people that can least afford their bills, let alone dream of a heat pump"", Vince said.
He has previously estimated that up to 17 million homes in the UK could have solar panels installed on their roofs, and praised efforts to lift restrictions on ""plug-in"" solar panels that can be installed on balconies, patios or flat roofs and plugged into a power point by residents without the need for specialist support.
However, there have been concerns about the increased risk of fires from the appliances. Figures compiled by QBE, the insurer, show that fire services attended incidents involving solar panels almost every other day in 2024, a rise of 60 per cent within two years.
The company said this was likely to indicate ""incorrect installation or maintenance"".
The number of solar panels installed in Britain this year has reached a record level, largely thanks to new housing developments. Almost 250,000 rooftop solar installations were carried out, meaning 1.6 million homes - or about 1 in 20 households - now have the technology.
Strict climate policies 'erode public support', page 14 Focus on solar will not be enough, leading article page 21
Graphic
 
Dale Vince, the founder of Ecotricity, has given more than £6 million to the Labour Party"
8,The Guardian (London),2026-01-25,ENVIRONMENT; Version:1,Fiona Harvey and Helena Horton,How botched Tory insulation scheme looms over Labour’s warm homes plan,"How botched Tory insulation scheme looms over Labour’s warm homes plan | No homeowner wants to be faced with a hefty bill for household repairs – and when those charges are the result of botched insulation under a UK government-run scheme, individual misfortune turns to national scandal.
That has been the experience of tens of thousands of households after what MPs have condemned as the “catastrophic failure” of the energy company obligation (Eco) insulation programme run by the last Conservative government, the results of which have only recently been uncovered.
In the worst case, one household was faced with a £250,000 bill for fixing the damage caused by poor installation. Thousands more were hit with bills ranging from £250 to £18,000 to rectify work so poorly done that in some cases it posed a direct threat to health from mould and damp.
While the Serious Fraud Office is being urged to investigate, the government must now try to repair not just the damage to houses, but the reputation of a battered industry that is vital to efforts to reduce the cost of living and tackle the climate crisis.
This week, the government set out its long-awaited “warm homes plan” , a £15bn investment to help reduce bills and increase clean energy. It will fund solar panels, batteries and low-carbon heat pumps, as well as home insulation measures. Although hailed by ministers as the UK’s biggest public investment in home upgrades, the plan has been greeted with concern by some campaigners and experts, because of its perceived emphasis on generating low-carbon energy rather than saving it through insulation.
“Some of the wording in the plan seems to deprioritise insulation,” said Christopher Hammond, the chief executive of UK100, a group of local government leaders for climate action. “But we know it [insulation] works. We are worried about the emphasis.”
Of the £15bn, a third will go to upgrading homes for vulnerable people and those on low incomes. However, it is not known how much of that will be spent on insulation, compared with green energy.
The sector has already been shaken by years of “stop-start” policies. Insulation was championed by David Cameron in the early days of the coalition government, but the scrapping in 2015 of the loan schemes he set up caused a big drop-off of installations. For years, there was no government support, until Boris Johnson brought in a “green homes grant”. Six months later, that was scrapped , and MPs criticised the scheme for its delivery.
Labour’s move to scrap Eco, first rumoured last autumn, was another blow. Sarah Kostense-Winterton is the chair of the Energy Efficiency Infrastructure Group, which is made up of insulation providers and green groups. She said the sector had made about 7,000 roles redundant in the past three months, and the total jobs lost could reach 70,000 by the end of the year.
“[The sector] needs certainty and security now if any meaningful progress on tackling fuel poverty and driving down home heating bills is going to be made in this parliament,” she added.
Home insulation is one of the most effective ways of cutting energy bills , improving comfort and health, as well as reducing greenhouse gas emissions. Well-insulated homes are cheap to run – in the best, heating bills are minimal – and pleasant to live in, especially for older people, children and those with health problems, but installing insulation is easy to get wrong.
Anna Moore, the chief executive and founder of the retrofit company Domna, said insulation was often wrongly treated as a “simple fix”, but good installations required careful planning, especially for ventilation. Without good airflow around the home, insulation can trap moisture.
“The most common problems show up as damp, condensation and mould,” Moore said. “That usually happens because ventilation hasn’t been properly thought through, or because insulation has been badly fitted around edges, corners and openings.”
Even worse, it can be hard to tell whether the retrofit has worked. “These problems don’t always appear straight away. Homes can look fine at first, but over time residents experience poorer air quality and buildings begin to deteriorate,” Moore added.
Hammond said the best way to ensure quality was for local governments to work closely with local suppliers over the long term, building relationships and trust so that problems could be rectified and work of a high standard replicated across areas, potentially through “street by street” retrofit programmes.
As well as the £5bn in grants directed at vulnerable people and those on low incomes, the warm homes plan will support those better able to pay. For instance, loans and “innovative finance”, such as green mortgages, will offer a lower interest rate to homeowners who refurbish to low-carbon standards.
The government has not said how much of the £15bn will go towards insulation. Despite the misgivings of experts, the emphasis on solar panels, batteries and heat pumps may yield results faster than insulation alone.
Research published by the Department for Energy Security and Net Zero last autumn found that UK homes were not as draughty as had been previously thought, meaning that heat pumps – which run at lower temperatures than gas boilers – could be effective even without insulating first.
Also, solar panels have dropped rapidly in price to about £6,000 including installation for the average house, and are now available in forms such as DIY plug-in sets and balcony panels. A Whitehall source said the government wanted to “lean in” to what consumers wanted, rather than keep trying to push insulation on people first.
The alleged fraud, cowboy construction and mishandling of insulation under the previous government’s Eco scheme will be costly and time-consuming for the Labour administration to fix. The challenge now will be to ensure that heat pump and solar installations do not fall prey to the same mistakes."
9,The Times (London),2026-01-19,"NEWS; Pg. 8,9",Ben Clatworthy; Oliver Wright,MPs urge energy firms: Give us credit for bill cuts,"MPs urge energy firms: Give us credit for bill cuts | Ministers are pleading with energy companies to give them credit for bill cuts in April.
Officials have held calls with energy providers, urging them to send emails to customers or add details of the reduction to bills.
During the most recent call, on Thursday last week, staff at the Department for Energy Security and Net Zero implored companies to help ministers ""take the credit for the cut in bills"".
A source at a major energy company said: ""They were asking us to email [our] customers to tell them about the wonderful bill reduction that's all thanks to the government. Yet we all know that bills are going to rise over the course of the parliament because of decisions that ministers have made.""
At the budget in November, Rachel Reeves said: ""We are keeping our promise to get energy bills down and cut the cost of living, with £150 cut from the average household energy bill from April.""
This will be achieved by removing levies used to subsidise older renewable energy projects from bills and shifting the costs to general taxation instead.
The chancellor also scrapped what she described as a ""failed scheme"" to improve the energy efficiency of poorer households, which was also funded through bills.
Another industry source said the government wanted energy suppliers to help ministers ""take the credit for the cut in bills"", adding: ""They made it clear that, when we communicated to our customers about the April price drop we [should] say that it is because of the wonderful government. But there was quite a bit of pushback, not least because this mythical £150 figure is simply an average and won't apply to all bill payers.
""Clearly energy companies will need to communicate to their customers about what is happening to their bills in April, but exactly how we do that is quite complicated.""
Sources close to Ed Miliband, the energy secretary, said describing the bill cut as mythical was ""nonsense"". They said the calls were about the ""communications of the £150, not the substance of it"", and that energy bosses had lined up to welcome the announcement.
However, one major energy supplier's internal analysis shows bills will be back to today's levels, ""if not higher"", by the end of the parliament in 2029. A source said: ""The issue we have is how we can go big on the April cuts to customers when we know bills are only going to rise in the medium term.""
The findings were mirrored in analysis for The Times carried out last month, which found households will still be paying more for energy by the end of the decade than they were when Labour came to power last year.
Households face paying an extra £116 a year by 2030 to fund £90 billion of spending to expand Britain's power grid and maintain its gas pipelines. This comes on top of other bill increases over the next five years that will fund offshore wind farms and the Sizewell C nuclear power plant.
Ofgem has announced that levies on bills to fund gas pipelines and the highvoltage electricity grid, which currently stand at £222 a year, will increase by £40 in April. After other rising costs are taken into account, only about £83 of the £150 discount will be passed on to consumers.
According to Ofgem's impact assessment, the levies will rise for the next four years, reaching £338 a year by 2030.
The Department for Energy Security and Net Zero said: ""This is nonsense - families will see an average of £150 in costs off their bill this April thanks to government action which has been welcomed by Martin Lewis [the consumer finance expert] and Citizens Advice. We have made it clear to suppliers that every penny of those savings should be passed on to all households.""
Graphic
 
A £150 cut announced in the budget was not ""mythical"", sources close to Ed Miliband, the energy secretary, saidFlag protest People marched through Crowborough in East Sussex yesterday to oppose plans to house asylum seekers at a military training camp in the town"
10,The Times (London),2025-12-16,BUSINESS; Pg. 37,Emily Gosden,"UK's hydrogen ambition up in the air; Economics and practical hurdles mean the dream of supplying homes and industry is a long way of, Emily Gosden writes","UK's hydrogen ambition up in the air; Economics and practical hurdles mean the dream of supplying homes and industry is a long way of, Emily Gosden writes | Unveiling Britain's revamped energy strategy in 2022, Boris Johnson declared: ""We're going to produce vastly more hydrogen, which is easy to store, ready to go whenever we need it, and is a low-carbon superfuel of the future."" Doubling the government's previous ambition, he set a target for 10 gigawatts of clean hydrogen production by 2030.
Today that target looks dead in the water, amid slow progress and setbacks that culminated this month in BP scrapping Britain's biggest clean hydrogen project. ""I think it's probably fair to say that 10 gigawatts by 2030 is undeliverable,"" says Clare Jackson, chief executive of Hydrogen UK, a trade body.
So what's gone wrong, and will a new government strategy revive hydrogen ambitions or relegate them?
Hydrogen is seen as a superfuel because it doesn't give off harmful emissions when burnt. The gas can be made cleanly in two ways: using renewable electricity to split water through electrolysis into oxygen and zero-carbon ""green"" hydrogen; or processing natural gas to produce low-carbon ""blue"" hydrogen, capturing most of the resulting carbon emissions.
The previous government envisaged about 5 gigawatts of each type; BP's H2Teesside project would have provided 1 gigawatt of blue hydrogen.
Potential uses have been touted across the economy: fuelling industry or power plants, decarbonising transport, or replacing gas for home heating. The Labour government has appeared to share its predecessors' enthusiasm, describing hydrogen as ""essential to achieve the government's clean energy superpower and growth missions"".
Making hydrogen production viable, however, requires many things to come together: customers to use hydrogen; pipelines to deliver it to them; a business model to cover the costs of production; and, in the case of blue hydrogen, carbon capture infrastructure to sequester the emissions. Co-ordinating all these things has proved challenging.
When BP pulled the plug on H2Teesside, the most eye-catching reason it gave was it was up against a rival proposal to build a data centre on the same site, which had won planning consent. But it also said that since submitting its own planning application in early 2024, ""the hydrogen demand situation in Teesside has also deteriorated, as some major industrial consumers have either scaled back operations or postponed decarbonisation plans"".
One of BP's core customers was to be the nearby Sabic chemicals plant, which shut in June. Another was a chemicals group that went into administration in September. These had the effect of ""significantly increasing the risk in developing the H2Teesside project"", BP said.
The government is offering subsidies to selected hydrogen developers to help bridge the gap between their costs and the price customers are willing to pay. But developers must still be sure they have customers to buy their output.
""There's a huge risk in terms of further deindustrialisation in Teesside,"" says Clare Jackson. ""You're looking for off-takers who can sign up for 15 years, which is challenging when you've got industries that are really struggling and may not still be here in 15 years' time.""
For now, she says ""demand in Teesside is still very structurally strong"" with heavy industry, power generation and chemicals sites all needing to decarbonise. And BP's was not the only proposed blue hydrogen project on Teesside: Kellas and SSE have been developing another, H2NorthEast.
However, while BP's was selected as a priority project to receive government support and store its emissions under the North Sea, H2NorthEast is still awaiting selection. SSE said the companies had decided to ""pause"" the project pending ""more favourable policy and market conditions"".
Part of the challenge, as Jon Butterworth, National Gas chief executive, explained recently, is that the plants ""can't be turned on and off ? it's very inefficient"". That poses a problem if a core customer doesn't want the hydrogen temporarily, for example when shut for maintenance: ""If you haven't got demand for hydrogen, you need to put it somewhere.""
Part of the answer could be in the pipelines Butterworth's company operates; it has been carrying out trials to prove that hydrogen can be safely blended in with natural gas, and the government has consulted on a ""minded-to"" position to allow up to 2 per cent of blending. This would help ""unlock Britain's hydrogen economy, reduce project risk and boost investor confidence"", Butterworth argues.
Another piece of the jigsaw is pure hydrogen pipelines, ensuring that production plants aren't reliant on customers next door and can supply a network of businesses. In the spending review in June the government pledged £500 million to ""create the UK's first regional hydrogen transport and storage network, connecting hydrogen producers with vital end users"".
Yet the location for this network is yet to be decided; Humber and the northwest are seen as the frontrunners pending a competition. Cadent, which has been developing a proposed hydrogen network in the northwest, has paused work as it awaits clarity.
Humber boasts a number of planned green hydrogen projects and another proposed blue hydrogen project, H2H Saltend, but unlike Teesside, there is not yet a project to carry carbon emissions from Humberside offshore for storage. ""That's one of the problematic missing pieces,"" Jackson says.
Things are not much rosier in the green hydrogen world, despite Labour being so enthusiastic about the technology that it pledged to double the government's goal for green hydrogen alone to 10 gigawatts by 2030.
In 2023, 11 green hydrogen projects totalling 125 megawatts were awarded funding that was due to be finalised the following year. Those contracts weren't ultimately signed until this summer, by which time one had dropped out.
Then in September Scottish Power, developer of two of the remaining projects, said it was halting work, citing ""challenging conditions and a limited route to market"". Only one of the projects is believed to be up and running.
High costs are part of the problem, says Adam Bell, a consultant at Stonehaven. ""The projects that have come forward have just been too expensive. They're faced with very high power prices in the UK for electrolysis projects, surprisingly high gas prices for the [blue hydrogen] projects. And there's just no one who wants to buy the stuff at those sorts of prices."" Government support ""has provided some comfort, but probably not enough to get it away"".
Amid such challenges, the idea of producing enough hydrogen to use it for home heating ? previously championed by proponents as a solution for cities where heat pumps could be impractical ? has been shelved by all but the most faithful. ""I'd love to decarbonise London with hydrogen, but there won't be enough of it,"" Butterworth said recently. ""I think there's a hierarchy for hydrogen. Surely we want to protect jobs first in the industries that can't electrify, then move to power stations and then move to the cities.""
The government's Climate Change Committee said this year that by 2040 it saw hydrogen playing only ""a small but important role"". This would be ""particularly in industrial sectors such as ceramics and chemical production which may find it hard to electrify"", as well as ""within the electricity supply sector as a source of long-term storable energy that can be dispatched when needed and as a feedstock for synthetic fuels"".
For Bell, that means we shouldn't be too concerned if the lofty hydrogen goals of the previous government don't materialise. ""I think if we're in the late 2030s and we still haven't figured out how to make hydrogen cheaply then I'll be worried ? unless we have another molecular store for producing interseasonal electricity ? but not right now. You don't need it in the short run. The projects falling away right now aren't really that big a concern.""
Michael Shanks, the energy minister, argued that since the publication of the previous government's hydrogen strategy ""the landscape has evolved significantly"" and ""electrification technologies have moved on rapidly, pointing to a more focused and essential role for hydrogen"".
But in a letter to the government, groups including Future Energy Networks, which represents gas networks, and the Hydrogen Energy Association said they were concerned by Shanks's comments, which they feared signalled ""reduced ambition for the sector"".
Graphic
 
Jon Butterworth, National Gas chief executiveThe King plugs in a hydrogen pipe at JCB's headquarters as the company invests heavily in machinery using the superfuel. BP has pulled its H2Teesside project, below"
